iteration,execution_time_s
2,0.000028
4,0.000001
8,0.000001
16,0.000001
32,0.000002
64,0.000008
128,0.000027
256,0.000110
512,0.000414
1024,0.001648
2048,0.006484
4096,0.022576
8192,0.080593
16384,0.314695
32768,1.272432
65536,5.058934
131072,20.255785
262144,81.419637
524288,328.978005
1048576,1317.157206
