iteration,execution_time_s
2,0.000032
4,0.000001
8,0.000000
16,0.000001
32,0.000002
64,0.000005
128,0.000011
256,0.000023
512,0.000048
1024,0.000107
2048,0.000235
4096,0.000561
8192,0.001206
16384,0.002477
32768,0.005052
65536,0.010518
131072,0.022941
262144,0.046660
524288,0.097049
1048576,0.200884
