iteration,execution_time_s
2,0.000024
4,0.000001
8,0.000001
16,0.000004
32,0.000005
64,0.000011
128,0.000019
256,0.000042
512,0.000093
1024,0.000208
2048,0.000458
4096,0.001003
8192,0.002805
16384,0.005439
32768,0.010689
65536,0.018188
131072,0.028587
262144,0.046560
524288,0.094043
1048576,0.196665
