iteration,execution_time_s
2,0.000013
4,0.000002
8,0.000001
16,0.000002
32,0.000002
64,0.000003
128,0.000003
256,0.000010
512,0.000011
1024,0.000020
2048,0.000041
4096,0.000079
8192,0.000161
16384,0.000350
32768,0.000642
65536,0.001285
131072,0.002453
262144,0.004555
524288,0.008341
1048576,0.014562
