iteration,execution_time_s
2,0.000025
4,0.000001
8,0.000001
16,0.000002
32,0.000001
64,0.000002
128,0.000003
256,0.000010
512,0.000012
1024,0.000025
2048,0.000047
4096,0.000094
8192,0.000187
16384,0.000392
32768,0.000747
65536,0.001376
131072,0.002583
262144,0.005261
524288,0.009150
1048576,0.015964
