iteration,execution_time_s
2,0.000002
4,0.000002
8,0.000001
16,0.000001
32,0.000002
64,0.000004
128,0.000009
256,0.000021
512,0.000039
1024,0.000081
2048,0.000174
4096,0.000391
8192,0.000802
16384,0.001686
32768,0.003703
65536,0.007968
131072,0.016665
262144,0.034992
524288,0.077616
1048576,0.152525
