iteration,execution_time_s
2,0.000003
4,0.000000
8,0.000001
16,0.000002
32,0.000002
64,0.000001
128,0.000003
256,0.000002
512,0.000005
1024,0.000008
2048,0.000014
4096,0.000027
8192,0.000054
16384,0.000107
32768,0.000210
65536,0.000420
131072,0.000839
262144,0.001449
524288,0.002758
1048576,0.005516
