iteration,execution_time_s
2,0.000003
4,0.000002
8,0.000001
16,0.000001
32,0.000002
64,0.000001
128,0.000001
256,0.000003
512,0.000004
1024,0.000009
2048,0.000014
4096,0.000027
8192,0.000054
16384,0.000105
32768,0.000210
65536,0.000421
131072,0.000841
262144,0.001620
524288,0.002762
1048576,0.005519
