iteration,execution_time_s
2,0.000003
4,0.000001
8,0.000001
16,0.000001
32,0.000001
64,0.000001
128,0.000001
256,0.000003
512,0.000003
1024,0.000007
2048,0.000012
4096,0.000022
8192,0.000045
16384,0.000088
32768,0.000173
65536,0.000345
131072,0.000692
262144,0.001382
524288,0.002744
1048576,0.004749
